id;first_name;last_name;gender;email;phone;address_line_1;address_line_2;city;country
1;Chelsey;Wyman;OTHER;")Y<L@l.52\[P";911-383-3732;auxiliary experiences;Sahara;Kassandrabury;Russian Federation
2;Lora;Baumbach;OTHER;"nJR1@9.:H";779.391.7492 x8940;Uzbekistan;Handcrafted;North Kristinaton;Nicaragua
3;Jackeline;Schaden;FEMALE;";m>8=m@V.^)hl4K";270-257-1726;synthesize Lilangeni initiatives;Directives;New Roderick;Niger
4;Taya;Bahringer;MALE;"tMYs@V.iL+b";830-222-7708 x1515;African fuchsia;ivory deposit Horizontal;Newton;Malawi
5;Jada;Blick;OTHER;"~M/F},@Y.5'-II";1-402-596-0494 x88295;Ball up;connecting;Colthaven;Equatorial Guinea
6;Susie;Pfeffer;FEMALE;"#@2.i+";772-960-8194;Tala Kids Open-source;Intranet New Human;Ornland;Slovenia
7;Pablo;Leannon;FEMALE;"^MOvx'@;.-hvS2G";1-608-637-0319 x9357;deliverables transmitter salmon;Gorgeous up neural;East Elishamouth;Seychelles
8;Kiel;Renner;FEMALE;"J^d@0.pV";(467) 864-2260;program Jordan;deposit;Janetville;Bahrain
9;Rose;Bashirian;FEMALE;"kOi]5L@}.IV";342.687.4965 x4573;Washington;Refined harness;Pine Hills;New Zealand
10;Johan;Wolff;MALE;"PgX[-)@9.lwrwoz";235.627.5192 x5547;Clothing blockchains Antillian;Awesome;Port Abel;Kiribati
